Workbook

Sheet Data_postconvert
A1: race | B1: Insurance | C1: smoker | D1: logS
A2: =LOG(Data_preconvert!A2, 4) -> 0 | B2: =LOG(Data_preconvert!C2, 4) -> 0.5 | C2: 0 | D2: =A2+B2+C2 -> 0.5
A3: =LOG(Data_preconvert!A3, 4) -> 0 | B3: =LOG(Data_preconvert!C3, 4) -> 0 | C3: 0 | D3: =A3+B3+C3 -> 0
A4: =LOG(Data_preconvert!A4, 4) -> 0 | B4: =LOG(Data_preconvert!C4, 4) -> 0.5 | C4: 0 | D4: =A4+B4+C4 -> 0.5
A5: =LOG(Data_preconvert!A5, 4) -> 1 | B5: =LOG(Data_preconvert!C5, 4) -> 0.79248125 | C5: 1 | D5: =A5+B5+C5 -> 2.7924813
A6: =LOG(Data_preconvert!A6, 4) -> 0 | B6: =LOG(Data_preconvert!C6, 4) -> 0.5 | C6: 0 | D6: =A6+B6+C6 -> 0.5
A7: =LOG(Data_preconvert!A7, 4) -> 1 | B7: =LOG(Data_preconvert!C7, 4) -> 0.79248125 | C7: 1 | D7: =A7+B7+C7 -> 2.7924813
A8: =LOG(Data_preconvert!A8, 4) -> 1 | B8: =LOG(Data_preconvert!C8, 4) -> 0.79248125 | C8: 0 | D8: =A8+B8+C8 -> 1.7924813
A9: =LOG(Data_preconvert!A9, 4) -> 0.79248125 | B9: =LOG(Data_preconvert!C9, 4) -> 0.5 | C9: 0 | D9: =A9+B9+C9 -> 1.2924813
A10: =LOG(Data_preconvert!A10, 4) -> 0.79248125 | B10: =LOG(Data_preconvert!C10, 4) -> 0.5 | C10: 1 | D10: =A10+B10+C10 -> 2.2924813
A11: =LOG(Data_preconvert!A11, 4) -> 0.5 | B11: =LOG(Data_preconvert!C11, 4) -> 0 | C11: 0 | D11: =A11+B11+C11 -> 0.5
A12: =LOG(Data_preconvert!A12, 4) -> 1 | B12: =LOG(Data_preconvert!C12, 4) -> 0.79248125 | C12: 0 | D12: =A12+B12+C12 -> 1.7924813
A13: =LOG(Data_preconvert!A13, 4) -> 0.5 | B13: =LOG(Data_preconvert!C13, 4) -> 0.5 | C13: 0 | D13: =A13+B13+C13 -> 1
... A20: =LOG(Data_preconvert!A20, 4) -> 0 | B20: =LOG(Data_preconvert!C20, 4) -> 0.5 | C20: 1 | D20: =A20+B20+C20 -> 1.5

Sheet Data_preconvert
A1: race | B1: age | C1: Insurance | D1: smoker
A2: 1 | B2: 16 | C2: 2 | D2: 0 | E2: =LOG(A2, 4) -> 0 | F2: The higher the number
A3: 1 | B3: 45 | C3: 1 | D3: 0 | E3: =LOG(A3,4) -> 0
A4: 1 | B4: 82 | C4: 2 | D4: 0 | E4: =LOG(A4,4) -> 0
A5: 4 | B5: 67 | C5: 3 | D5: 1 | E5: =LOG(A5,4) -> 1
A6: 1 | B6: 56 | C6: 2 | D6: 0 | E6: =LOG(A6,4) -> 0
A7: 4 | B7: 69 | C7: 3 | D7: 1 | E7: =LOG(A7,4) -> 1
A8: 4 | B8: 90 | C8: 3 | D8: 0 | E8: =LOG(A8,4) -> 1
A9: 3 | B9: 49 | C9: 2 | D9: 0 | E9: =LOG(A9,4) -> 0.79248125
A10: 3 | B10: 36 | C10: 2 | D10: 1 | E10: =LOG(A10,4) -> 0.79248125
A11: 2 | B11: 27 | C11: 1 | D11: 0 | E11: =LOG(A11,4) -> 0.5
A12: 4 | B12: 67 | C12: 3 | D12: 0 | E12: =LOG(A12,4) -> 1
A13: 2 | B13: 61 | C13: 2 | D13: 0 | E13: =LOG(A13,4) -> 0.5
A14: 1 | B14: 40 | C14: 2 | D14: 1 | E14: =LOG(A14,4) -> 0
... A20: 1 | B20: 54 | C20: 2 | D20: 1 | E20: =LOG(A20,4) -> 0

Sheet Summary
A1: race | B1: age | C1: Insurance | D1: smoker
A2: 1 = white | C2: Cash pay = 1 | D2: Non-smoker = 1 | E2: Tend to charge more and make more because of typical well coverage and ability to come in often to get seen, although tend to be healthier than most
A3: 2 = asian | C3: Private = 2 | D3: Smoker = 4 | E3: Tend to charge more and make more but they are more healthy and come in less regardless of coverage based on necessity
A4: 3 = mexican | C4: Medicare = 3 | E4: Tend to typically be underinsured or semi-insured, sick often and compete with other demographic weightings
A5: 4 = black | C5: No insurance = 4 | E5: Tend to typically be underinsured or semi-insured, sick often and compete with other demographic weightings
